anio,mes,centro_costo,cuenta,monto
2026,1,Comercial,comisiones,2262358
2026,1,Comercial,marketing,3941789
2026,1,Operaciones,fletes,7851960
2026,1,Operaciones,mantencion,8535097
2026,1,Personas,remuneraciones,2753695
2026,1,Personas,capacitacion,2159452
2026,2,Comercial,comisiones,3731502
2026,2,Comercial,marketing,6716207
2026,2,Operaciones,fletes,3746214
2026,2,Operaciones,mantencion,7918427
2026,2,Personas,remuneraciones,3829450
2026,2,Personas,capacitacion,4467076
2026,3,Comercial,comisiones,2107159
2026,3,Comercial,marketing,3405158
2026,3,Operaciones,fletes,4746178
2026,3,Operaciones,mantencion,3980015
2026,3,Personas,remuneraciones,4631146
2026,3,Personas,capacitacion,4977816
2026,4,Comercial,comisiones,4935670
2026,4,Comercial,marketing,8369606
2026,4,Operaciones,fletes,5874204
2026,4,Operaciones,mantencion,4957029
2026,4,Personas,remuneraciones,4605881
2026,4,Personas,capacitacion,7465062
2026,5,Comercial,comisiones,5071931
2026,5,Comercial,marketing,7569518
2026,5,Operaciones,fletes,7341644
2026,5,Operaciones,mantencion,4641807
2026,5,Personas,remuneraciones,4096834
2026,5,Personas,capacitacion,5072812
2026,6,Comercial,comisiones,7576969
2026,6,Comercial,marketing,3320328
2026,6,Operaciones,fletes,3820934
2026,6,Operaciones,mantencion,8231389
2026,6,Personas,remuneraciones,7117294
2026,6,Personas,capacitacion,7085076
2026,7,Comercial,comisiones,9937888
2026,7,Comercial,marketing,5806155
2026,7,Operaciones,fletes,7506637
2026,7,Operaciones,mantencion,3912928
2026,7,Personas,remuneraciones,8678081
2026,7,Personas,capacitacion,5027428
2026,8,Comercial,comisiones,10779716
2026,8,Comercial,marketing,4060847
2026,8,Operaciones,fletes,7011311
2026,8,Operaciones,mantencion,4505687
2026,8,Personas,remuneraciones,6122427
2026,8,Personas,capacitacion,9209583
2026,9,Comercial,comisiones,5124137
2026,9,Comercial,marketing,8299622
2026,9,Operaciones,fletes,4307844
2026,9,Operaciones,mantencion,5815502
2026,9,Personas,remuneraciones,5276168
2026,9,Personas,capacitacion,3953010
2026,10,Comercial,comisiones,3523147
2026,10,Comercial,marketing,2817664
2026,10,Operaciones,fletes,3439612
2026,10,Operaciones,mantencion,5594420
2026,10,Personas,remuneraciones,5165122
2026,10,Personas,capacitacion,7424753
2026,11,Comercial,comisiones,8539557
2026,11,Comercial,marketing,2133787
2026,11,Operaciones,fletes,3013786
2026,11,Operaciones,mantencion,6667170
2026,11,Personas,remuneraciones,8566070
2026,11,Personas,capacitacion,3608142
2026,12,Comercial,comisiones,4142108
2026,12,Comercial,marketing,8359824
2026,12,Operaciones,fletes,4407617
2026,12,Operaciones,mantencion,8121356
2026,12,Personas,remuneraciones,2999153
2026,12,Personas,capacitacion,5782603
