anio,mes,sucursal,linea,unidades,monto
2025,1,Norte,hogar,151,2761941
2025,1,Norte,ferreteria,142,3427312
2025,1,Norte,jardin,117,1364337
2025,1,Centro,hogar,87,1578354
2025,1,Centro,ferreteria,149,3561398
2025,1,Centro,jardin,120,1376160
2025,1,Sur,hogar,154,2765532
2025,1,Sur,ferreteria,147,3549021
2025,1,Sur,jardin,145,1666920
2025,2,Norte,hogar,82,1412286
2025,2,Norte,ferreteria,70,1780660
2025,2,Norte,jardin,88,1045792
2025,2,Centro,hogar,121,2122703
2025,2,Centro,ferreteria,124,2957276
2025,2,Centro,jardin,72,857016
2025,2,Sur,hogar,123,2228391
2025,2,Sur,ferreteria,96,2504256
2025,2,Sur,jardin,84,1025052
2025,3,Norte,hogar,120,2103480
2025,3,Norte,ferreteria,130,3130010
2025,3,Norte,jardin,118,1409864
2025,3,Centro,hogar,89,1523324
2025,3,Centro,ferreteria,159,4173114
2025,3,Centro,jardin,92,1056804
2025,3,Sur,hogar,107,1927070
2025,3,Sur,ferreteria,96,2503968
2025,3,Sur,jardin,88,1096040
2025,4,Norte,hogar,127,2236724
2025,4,Norte,ferreteria,136,3513424
2025,4,Norte,jardin,118,1431812
2025,4,Centro,hogar,147,2515758
2025,4,Centro,ferreteria,150,3674700
2025,4,Centro,jardin,93,1164918
2025,4,Sur,hogar,97,1704872
2025,4,Sur,ferreteria,93,2381358
2025,4,Sur,jardin,99,1160874
2025,5,Norte,hogar,157,2744203
2025,5,Norte,ferreteria,123,2983734
2025,5,Norte,jardin,113,1356678
2025,5,Centro,hogar,112,2097648
2025,5,Centro,ferreteria,86,2062280
2025,5,Centro,jardin,134,1660930
2025,5,Sur,hogar,85,1454010
2025,5,Sur,ferreteria,96,2432832
2025,5,Sur,jardin,113,1310009
2025,6,Norte,hogar,136,2460648
2025,6,Norte,ferreteria,134,3370368
2025,6,Norte,jardin,94,1080060
2025,6,Centro,hogar,99,1790118
2025,6,Centro,ferreteria,127,3201162
2025,6,Centro,jardin,98,1167670
2025,6,Sur,hogar,85,1500590
2025,6,Sur,ferreteria,85,2209745
2025,6,Sur,jardin,106,1295108
2025,7,Norte,hogar,93,1649448
2025,7,Norte,ferreteria,151,3919960
2025,7,Norte,jardin,132,1658976
2025,7,Centro,hogar,99,1857834
2025,7,Centro,ferreteria,110,2850210
2025,7,Centro,jardin,102,1270614
2025,7,Sur,hogar,83,1446026
2025,7,Sur,ferreteria,122,3136010
2025,7,Sur,jardin,132,1631784
2025,8,Norte,hogar,111,1951380
2025,8,Norte,ferreteria,93,2297658
2025,8,Norte,jardin,84,1044120
2025,8,Centro,hogar,108,1885572
2025,8,Centro,ferreteria,138,3398112
2025,8,Centro,jardin,109,1271703
2025,8,Sur,hogar,104,1852968
2025,8,Sur,ferreteria,115,2979650
2025,8,Sur,jardin,115,1359415
2025,9,Norte,hogar,159,2833221
2025,9,Norte,ferreteria,162,3981474
2025,9,Norte,jardin,91,1049958
2025,9,Centro,hogar,124,2160204
2025,9,Centro,ferreteria,124,2956780
2025,9,Centro,jardin,171,2038491
2025,9,Sur,hogar,132,2360820
2025,9,Sur,ferreteria,159,3822201
2025,9,Sur,jardin,168,1953504
2025,10,Norte,hogar,85,1561875
2025,10,Norte,ferreteria,80,2003920
2025,10,Norte,jardin,148,1809152
2025,10,Centro,hogar,105,1864275
2025,10,Centro,ferreteria,88,2298736
2025,10,Centro,jardin,122,1481934
2025,10,Sur,hogar,95,1747525
2025,10,Sur,ferreteria,118,2952006
2025,10,Sur,jardin,132,1556412
2025,11,Norte,hogar,134,2424998
2025,11,Norte,ferreteria,119,2951319
2025,11,Norte,jardin,147,1795164
2025,11,Centro,hogar,117,2130219
2025,11,Centro,ferreteria,135,3343275
2025,11,Centro,jardin,92,1082288
2025,11,Sur,hogar,121,2162633
2025,11,Sur,ferreteria,177,4472082
2025,11,Sur,jardin,139,1662023
2025,12,Norte,hogar,190,3480040
2025,12,Norte,ferreteria,203,5061196
2025,12,Norte,jardin,141,1718790
2025,12,Centro,hogar,162,2920374
2025,12,Centro,ferreteria,222,5458314
2025,12,Centro,jardin,154,1879878
2025,12,Sur,hogar,151,2801201
2025,12,Sur,ferreteria,137,3262107
2025,12,Sur,jardin,155,1949900
2026,1,Norte,hogar,170,3166930
2026,1,Norte,ferreteria,96,2389248
2026,1,Norte,jardin,172,2079480
2026,1,Centro,hogar,139,2500471
2026,1,Centro,ferreteria,119,2870042
2026,1,Centro,jardin,86,1072506
2026,1,Sur,hogar,100,1850100
2026,1,Sur,ferreteria,116,2805924
2026,1,Sur,jardin,157,1877249
2026,2,Norte,hogar,130,2281240
2026,2,Norte,ferreteria,82,2041062
2026,2,Norte,jardin,120,1464120
2026,2,Centro,hogar,130,2362230
2026,2,Centro,ferreteria,117,2957877
2026,2,Centro,jardin,124,1477088
2026,2,Sur,hogar,129,2309358
2026,2,Sur,ferreteria,86,2202374
2026,2,Sur,jardin,120,1432800
2026,3,Norte,hogar,119,2214709
2026,3,Norte,ferreteria,124,3182336
2026,3,Norte,jardin,157,1881017
2026,3,Centro,hogar,118,2076092
2026,3,Centro,ferreteria,96,2451168
2026,3,Centro,jardin,118,1383668
2026,3,Sur,hogar,129,2413203
2026,3,Sur,ferreteria,97,2337215
2026,3,Sur,jardin,117,1387503
2026,4,Norte,hogar,106,1947326
2026,4,Norte,ferreteria,95,2354765
2026,4,Norte,jardin,131,1578681
2026,4,Centro,hogar,143,2461316
2026,4,Centro,ferreteria,143,3535389
2026,4,Centro,jardin,166,2080810
2026,4,Sur,hogar,88,1640496
2026,4,Sur,ferreteria,165,4075500
2026,4,Sur,jardin,86,1077666
2026,5,Norte,hogar,127,2343912
2026,5,Norte,ferreteria,143,3588585
2026,5,Norte,jardin,160,1977440
2026,5,Centro,hogar,116,2085448
2026,5,Centro,ferreteria,123,3055197
2026,5,Centro,jardin,89,1056074
2026,5,Sur,hogar,141,2594823
2026,5,Sur,ferreteria,150,3907200
2026,5,Sur,jardin,171,2058840
2026,6,Norte,hogar,140,2543100
2026,6,Norte,ferreteria,89,2132351
2026,6,Norte,jardin,144,1664928
2026,6,Centro,hogar,150,2614050
2026,6,Centro,ferreteria,122,3013034
2026,6,Centro,jardin,115,1373675
2026,6,Sur,hogar,132,2438040
2026,6,Sur,ferreteria,138,3373410
2026,6,Sur,jardin,143,1673386
2026,7,Norte,hogar,97,1740762
2026,7,Norte,ferreteria,160,3820800
2026,7,Norte,jardin,133,1551977
2026,7,Centro,hogar,95,1758070
2026,7,Centro,ferreteria,91,2332785
2026,7,Centro,jardin,119,1385041
2026,7,Sur,hogar,88,1603184
2026,7,Sur,ferreteria,118,2839670
2026,7,Sur,jardin,101,1219676
2026,8,Norte,hogar,115,2062755
2026,8,Norte,ferreteria,120,3080040
2026,8,Norte,jardin,109,1321843
2026,8,Centro,hogar,101,1868500
2026,8,Centro,ferreteria,108,2825388
2026,8,Centro,jardin,100,1209400
2026,8,Sur,hogar,128,2321408
2026,8,Sur,ferreteria,138,3414258
2026,8,Sur,jardin,113,1298483
2026,9,Norte,hogar,190,3332030
2026,9,Norte,ferreteria,140,3622500
2026,9,Norte,jardin,185,2287710
2026,9,Centro,hogar,180,3331440
2026,9,Centro,ferreteria,147,3686907
2026,9,Centro,jardin,150,1722300
2026,9,Sur,hogar,146,2499812
2026,9,Sur,ferreteria,158,4077190
2026,9,Sur,jardin,110,1311200
2026,10,Norte,hogar,136,2481184
2026,10,Norte,ferreteria,149,3802182
2026,10,Norte,jardin,145,1683595
2026,10,Centro,hogar,157,2957409
2026,10,Centro,ferreteria,123,3110547
2026,10,Centro,jardin,159,1960311
2026,10,Sur,hogar,150,2682600
2026,10,Sur,ferreteria,167,4078140
2026,10,Sur,jardin,119,1475124
2026,11,Norte,hogar,113,1989026
2026,11,Norte,ferreteria,170,4141030
2026,11,Norte,jardin,172,2078276
2026,11,Centro,hogar,158,2797390
2026,11,Centro,ferreteria,177,4580229
2026,11,Centro,jardin,127,1522095
2026,11,Sur,hogar,155,2873080
2026,11,Sur,ferreteria,152,3716248
2026,11,Sur,jardin,193,2362513
2026,12,Norte,hogar,173,3131300
2026,12,Norte,ferreteria,220,5746400
2026,12,Norte,jardin,136,1589704
2026,12,Centro,hogar,199,3577821
2026,12,Centro,ferreteria,166,4229016
2026,12,Centro,jardin,214,2554518
2026,12,Sur,hogar,123,2123841
2026,12,Sur,ferreteria,163,4036043
2026,12,Sur,jardin,167,1965089
