fecha,sucursal,monto
2025-01-01,Norte,781576
2025-01-01,Centro,833380
2025-01-01,Sur,776033
2025-01-02,Norte,875607
2025-01-02,Centro,897253
2025-01-02,Sur,792481
2025-01-03,Norte,872153
2025-01-03,Centro,808761
2025-01-03,Sur,899463
2025-01-04,Norte,1249105
2025-01-04,Centro,1197787
2025-01-04,Sur,1243655
2025-01-05,Norte,912285
2025-01-05,Centro,1110923
2025-01-05,Sur,1213171
2025-01-06,Norte,976939
2025-01-06,Centro,708239
2025-01-06,Sur,919101
2025-01-07,Norte,1044770
2025-01-07,Centro,878566
2025-01-07,Sur,888629
2025-01-08,Norte,954054
2025-01-08,Centro,929654
2025-01-08,Sur,980956
2025-01-09,Norte,908689
2025-01-09,Centro,918299
2025-01-09,Sur,806106
2025-01-10,Norte,879547
2025-01-10,Centro,1050374
2025-01-10,Sur,875499
2025-01-11,Norte,1143703
2025-01-11,Centro,1093325
2025-01-11,Sur,1292800
2025-01-12,Norte,1036670
2025-01-12,Centro,1312038
2025-01-12,Sur,1023832
2025-01-13,Norte,773066
2025-01-13,Centro,924712
2025-01-13,Sur,915621
2025-01-14,Norte,935706
2025-01-14,Centro,1027504
2025-01-14,Sur,850500
2025-01-15,Norte,953159
2025-01-15,Centro,790821
2025-01-15,Sur,1051100
2025-01-16,Norte,975895
2025-01-16,Centro,964382
2025-01-16,Sur,922545
2025-01-17,Norte,805728
2025-01-17,Centro,860715
2025-01-17,Sur,960213
2025-01-18,Norte,1167007
2025-01-18,Centro,1189304
2025-01-18,Sur,957868
2025-01-19,Norte,1198250
2025-01-19,Centro,1062059
2025-01-19,Sur,1000999
2025-01-20,Norte,881437
2025-01-20,Centro,677219
2025-01-20,Sur,983828
2025-01-21,Norte,1002241
2025-01-21,Centro,893587
2025-01-21,Sur,780746
2025-01-22,Norte,786555
2025-01-22,Centro,881865
2025-01-22,Sur,609151
2025-01-23,Norte,921657
2025-01-23,Centro,979731
2025-01-23,Sur,862572
2025-01-24,Norte,840671
2025-01-24,Centro,921836
2025-01-24,Sur,942077
2025-01-25,Norte,1340687
2025-01-25,Centro,1172869
2025-01-25,Sur,1062397
2025-01-26,Norte,1098042
2025-01-26,Centro,1198383
2025-01-26,Sur,1412767
2025-01-27,Norte,861567
2025-01-27,Centro,773696
2025-01-27,Sur,795587
2025-01-28,Norte,648439
2025-01-28,Centro,939575
2025-01-28,Sur,736641
2025-01-29,Norte,751978
2025-01-29,Centro,662878
2025-01-29,Sur,765841
2025-01-30,Norte,968209
2025-01-30,Centro,742637
2025-01-30,Sur,690042
2025-01-31,Norte,921391
2025-01-31,Centro,859059
2025-01-31,Sur,951862
2025-02-01,Norte,1028421
2025-02-01,Centro,934939
2025-02-01,Sur,774039
2025-02-02,Norte,920549
2025-02-02,Centro,998432
2025-02-02,Sur,863242
2025-02-03,Norte,582003
2025-02-03,Centro,825850
2025-02-03,Sur,680136
2025-02-04,Norte,680713
2025-02-04,Centro,721532
2025-02-04,Sur,818925
2025-02-05,Norte,745307
2025-02-05,Centro,688010
2025-02-05,Sur,785484
2025-02-06,Norte,926114
2025-02-06,Centro,853227
2025-02-06,Sur,784595
2025-02-07,Norte,612261
2025-02-07,Centro,1080197
2025-02-07,Sur,604928
2025-02-08,Norte,889598
2025-02-08,Centro,848653
2025-02-08,Sur,1139036
2025-02-09,Norte,988445
2025-02-09,Centro,757894
2025-02-09,Sur,969394
2025-02-10,Norte,772502
2025-02-10,Centro,689425
2025-02-10,Sur,602861
2025-02-11,Norte,650396
2025-02-11,Centro,678062
2025-02-11,Sur,722182
2025-02-12,Norte,670088
2025-02-12,Centro,790581
2025-02-12,Sur,628805
2025-02-13,Norte,553786
2025-02-13,Centro,649018
2025-02-13,Sur,849493
2025-02-14,Norte,664976
2025-02-14,Centro,944717
2025-02-14,Sur,767182
2025-02-15,Norte,790679
2025-02-15,Centro,831881
2025-02-15,Sur,966372
2025-02-16,Norte,789030
2025-02-16,Centro,1232347
2025-02-16,Sur,812336
2025-02-17,Norte,785370
2025-02-17,Centro,860172
2025-02-17,Sur,709516
2025-02-18,Norte,624397
2025-02-18,Centro,693785
2025-02-18,Sur,754772
2025-02-19,Norte,804072
2025-02-19,Centro,725444
2025-02-19,Sur,585578
2025-02-20,Norte,724063
2025-02-20,Centro,655357
2025-02-20,Sur,510409
2025-02-21,Norte,653034
2025-02-21,Centro,582484
2025-02-21,Sur,776338
2025-02-22,Norte,1178631
2025-02-22,Centro,1167972
2025-02-22,Sur,864463
2025-02-23,Norte,877669
2025-02-23,Centro,1021959
2025-02-23,Sur,1068448
2025-02-24,Norte,679801
2025-02-24,Centro,706306
2025-02-24,Sur,931865
2025-02-25,Norte,709684
2025-02-25,Centro,673409
2025-02-25,Sur,731511
2025-02-26,Norte,775651
2025-02-26,Centro,621922
2025-02-26,Sur,696153
2025-02-27,Norte,608029
2025-02-27,Centro,693286
2025-02-27,Sur,900184
2025-02-28,Norte,791205
2025-02-28,Centro,711115
2025-02-28,Sur,630421
2025-03-01,Norte,1121420
2025-03-01,Centro,1333914
2025-03-01,Sur,1082376
2025-03-02,Norte,1396265
2025-03-02,Centro,955712
2025-03-02,Sur,1124752
2025-03-03,Norte,1109131
2025-03-03,Centro,659059
2025-03-03,Sur,1042609
2025-03-04,Norte,677834
2025-03-04,Centro,889190
2025-03-04,Sur,879295
2025-03-05,Norte,998915
2025-03-05,Centro,521454
2025-03-05,Sur,669862
2025-03-06,Norte,832078
2025-03-06,Centro,904427
2025-03-06,Sur,792813
2025-03-07,Norte,873495
2025-03-07,Centro,757659
2025-03-07,Sur,851847
2025-03-08,Norte,1037904
2025-03-08,Centro,1208067
2025-03-08,Sur,1260701
2025-03-09,Norte,1393537
2025-03-09,Centro,1067598
2025-03-09,Sur,1120393
2025-03-10,Norte,905729
2025-03-10,Centro,864609
2025-03-10,Sur,893761
2025-03-11,Norte,712538
2025-03-11,Centro,944610
2025-03-11,Sur,790177
2025-03-12,Norte,785164
2025-03-12,Centro,709424
2025-03-12,Sur,1039320
2025-03-13,Norte,883126
2025-03-13,Centro,1037939
2025-03-13,Sur,932676
2025-03-14,Norte,695596
2025-03-14,Centro,769956
2025-03-14,Sur,990951
2025-03-15,Norte,1050553
2025-03-15,Centro,999906
2025-03-15,Sur,1142016
2025-03-16,Norte,1142393
2025-03-16,Centro,1012148
2025-03-16,Sur,1119121
2025-03-17,Norte,842580
2025-03-17,Centro,589201
2025-03-17,Sur,960319
2025-03-18,Norte,802635
2025-03-18,Centro,1056532
2025-03-18,Sur,761985
2025-03-19,Norte,710448
2025-03-19,Centro,1042514
2025-03-19,Sur,709793
2025-03-20,Norte,823659
2025-03-20,Centro,971680
2025-03-20,Sur,860442
2025-03-21,Norte,701343
2025-03-21,Centro,922564
2025-03-21,Sur,876681
2025-03-22,Norte,1370281
2025-03-22,Centro,1261829
2025-03-22,Sur,1643571
2025-03-23,Norte,913240
2025-03-23,Centro,1166618
2025-03-23,Sur,1003601
2025-03-24,Norte,1038570
2025-03-24,Centro,998620
2025-03-24,Sur,990484
2025-03-25,Norte,806720
2025-03-25,Centro,810581
2025-03-25,Sur,656438
2025-03-26,Norte,1105140
2025-03-26,Centro,960986
2025-03-26,Sur,868696
2025-03-27,Norte,1012021
2025-03-27,Centro,990109
2025-03-27,Sur,1017031
2025-03-28,Norte,705175
2025-03-28,Centro,814339
2025-03-28,Sur,923453
2025-03-29,Norte,1225445
2025-03-29,Centro,1319328
2025-03-29,Sur,1012652
2025-03-30,Norte,1189844
2025-03-30,Centro,1514035
2025-03-30,Sur,1277939
2025-03-31,Norte,1004467
2025-03-31,Centro,897697
2025-03-31,Sur,992115
2025-04-01,Norte,1116478
2025-04-01,Centro,912797
2025-04-01,Sur,1046877
2025-04-02,Norte,794983
2025-04-02,Centro,970811
2025-04-02,Sur,1008506
2025-04-03,Norte,809759
2025-04-03,Centro,1031774
2025-04-03,Sur,818970
2025-04-04,Norte,803371
2025-04-04,Centro,899856
2025-04-04,Sur,1131838
2025-04-05,Norte,1218227
2025-04-05,Centro,1315982
2025-04-05,Sur,1055839
2025-04-06,Norte,1182089
2025-04-06,Centro,986457
2025-04-06,Sur,1080907
2025-04-07,Norte,1000276
2025-04-07,Centro,895392
2025-04-07,Sur,1074155
2025-04-08,Norte,875710
2025-04-08,Centro,876247
2025-04-08,Sur,1053201
2025-04-09,Norte,822166
2025-04-09,Centro,717628
2025-04-09,Sur,1056153
2025-04-10,Norte,949702
2025-04-10,Centro,640176
2025-04-10,Sur,905343
2025-04-11,Norte,851545
2025-04-11,Centro,1109380
2025-04-11,Sur,812521
2025-04-12,Norte,1079400
2025-04-12,Centro,1027977
2025-04-12,Sur,1005567
2025-04-13,Norte,1060722
2025-04-13,Centro,945995
2025-04-13,Sur,1009133
2025-04-14,Norte,707209
2025-04-14,Centro,720326
2025-04-14,Sur,712838
2025-04-15,Norte,837460
2025-04-15,Centro,817957
2025-04-15,Sur,752823
2025-04-16,Norte,957392
2025-04-16,Centro,894230
2025-04-16,Sur,848162
2025-04-17,Norte,844323
2025-04-17,Centro,1091145
2025-04-17,Sur,928777
2025-04-18,Norte,957045
2025-04-18,Centro,589675
2025-04-18,Sur,821551
2025-04-19,Norte,831322
2025-04-19,Centro,1103512
2025-04-19,Sur,1228236
2025-04-20,Norte,1064809
2025-04-20,Centro,1250902
2025-04-20,Sur,1010451
2025-04-21,Norte,969096
2025-04-21,Centro,713566
2025-04-21,Sur,868597
2025-04-22,Norte,950376
2025-04-22,Centro,964310
2025-04-22,Sur,884728
2025-04-23,Norte,1132765
2025-04-23,Centro,850269
2025-04-23,Sur,845880
2025-04-24,Norte,568859
2025-04-24,Centro,1112272
2025-04-24,Sur,855720
2025-04-25,Norte,758878
2025-04-25,Centro,1058508
2025-04-25,Sur,1048260
2025-04-26,Norte,1186898
2025-04-26,Centro,946152
2025-04-26,Sur,1235360
2025-04-27,Norte,1073062
2025-04-27,Centro,987359
2025-04-27,Sur,1332766
2025-04-28,Norte,644088
2025-04-28,Centro,968059
2025-04-28,Sur,955122
2025-04-29,Norte,1146121
2025-04-29,Centro,939020
2025-04-29,Sur,652988
2025-04-30,Norte,799665
2025-04-30,Centro,907760
2025-04-30,Sur,942667
2025-05-01,Norte,1017697
2025-05-01,Centro,664838
2025-05-01,Sur,860406
2025-05-02,Norte,1016383
2025-05-02,Centro,1085276
2025-05-02,Sur,1123322
2025-05-03,Norte,1109125
2025-05-03,Centro,1341226
2025-05-03,Sur,1437027
2025-05-04,Norte,1356898
2025-05-04,Centro,1282894
2025-05-04,Sur,1299136
2025-05-05,Norte,805213
2025-05-05,Centro,726330
2025-05-05,Sur,1017941
2025-05-06,Norte,858351
2025-05-06,Centro,896623
2025-05-06,Sur,830553
2025-05-07,Norte,852851
2025-05-07,Centro,927929
2025-05-07,Sur,777376
2025-05-08,Norte,908220
2025-05-08,Centro,929526
2025-05-08,Sur,890717
2025-05-09,Norte,810764
2025-05-09,Centro,994394
2025-05-09,Sur,1124716
2025-05-10,Norte,1076206
2025-05-10,Centro,1362576
2025-05-10,Sur,1308725
2025-05-11,Norte,756092
2025-05-11,Centro,1051253
2025-05-11,Sur,1070808
2025-05-12,Norte,993812
2025-05-12,Centro,922618
2025-05-12,Sur,956927
2025-05-13,Norte,976353
2025-05-13,Centro,792129
2025-05-13,Sur,810414
2025-05-14,Norte,753253
2025-05-14,Centro,879567
2025-05-14,Sur,885707
2025-05-15,Norte,920544
2025-05-15,Centro,812723
2025-05-15,Sur,1008782
2025-05-16,Norte,1010053
2025-05-16,Centro,1085582
2025-05-16,Sur,985356
2025-05-17,Norte,1198939
2025-05-17,Centro,1274898
2025-05-17,Sur,1265121
2025-05-18,Norte,1068316
2025-05-18,Centro,1371144
2025-05-18,Sur,1438088
2025-05-19,Norte,1137234
2025-05-19,Centro,904227
2025-05-19,Sur,938912
2025-05-20,Norte,949963
2025-05-20,Centro,899694
2025-05-20,Sur,974314
2025-05-21,Norte,885458
2025-05-21,Centro,876745
2025-05-21,Sur,1111077
2025-05-22,Norte,919765
2025-05-22,Centro,908041
2025-05-22,Sur,1005842
2025-05-23,Norte,918039
2025-05-23,Centro,934994
2025-05-23,Sur,892372
2025-05-24,Norte,979615
2025-05-24,Centro,1165168
2025-05-24,Sur,992645
2025-05-25,Norte,1202783
2025-05-25,Centro,985695
2025-05-25,Sur,1313006
2025-05-26,Norte,989908
2025-05-26,Centro,933651
2025-05-26,Sur,887983
2025-05-27,Norte,949956
2025-05-27,Centro,664200
2025-05-27,Sur,768381
2025-05-28,Norte,882152
2025-05-28,Centro,941431
2025-05-28,Sur,890472
2025-05-29,Norte,779446
2025-05-29,Centro,916013
2025-05-29,Sur,845555
2025-05-30,Norte,771768
2025-05-30,Centro,939540
2025-05-30,Sur,874802
2025-05-31,Norte,1356651
2025-05-31,Centro,1273823
2025-05-31,Sur,1284608
2025-06-01,Norte,1220179
2025-06-01,Centro,1038152
2025-06-01,Sur,1024042
2025-06-02,Norte,723461
2025-06-02,Centro,1245481
2025-06-02,Sur,770466
2025-06-03,Norte,874820
2025-06-03,Centro,856753
2025-06-03,Sur,866268
2025-06-04,Norte,829913
2025-06-04,Centro,675798
2025-06-04,Sur,780216
2025-06-05,Norte,733119
2025-06-05,Centro,884786
2025-06-05,Sur,817896
2025-06-06,Norte,817538
2025-06-06,Centro,925905
2025-06-06,Sur,830065
2025-06-07,Norte,1315406
2025-06-07,Centro,1109755
2025-06-07,Sur,1205124
2025-06-08,Norte,963253
2025-06-08,Centro,1272472
2025-06-08,Sur,1106791
2025-06-09,Norte,949050
2025-06-09,Centro,939600
2025-06-09,Sur,879186
2025-06-10,Norte,926092
2025-06-10,Centro,853764
2025-06-10,Sur,1061533
2025-06-11,Norte,1012114
2025-06-11,Centro,957899
2025-06-11,Sur,758383
2025-06-12,Norte,768083
2025-06-12,Centro,820336
2025-06-12,Sur,870599
2025-06-13,Norte,953761
2025-06-13,Centro,792415
2025-06-13,Sur,1041248
2025-06-14,Norte,1170560
2025-06-14,Centro,856006
2025-06-14,Sur,1095850
2025-06-15,Norte,766711
2025-06-15,Centro,1052730
2025-06-15,Sur,1084336
2025-06-16,Norte,826750
2025-06-16,Centro,860969
2025-06-16,Sur,852707
2025-06-17,Norte,828751
2025-06-17,Centro,1080299
2025-06-17,Sur,1045788
2025-06-18,Norte,762979
2025-06-18,Centro,1050467
2025-06-18,Sur,705435
2025-06-19,Norte,802246
2025-06-19,Centro,1083023
2025-06-19,Sur,631253
2025-06-20,Norte,968974
2025-06-20,Centro,749580
2025-06-20,Sur,882719
2025-06-21,Norte,1141888
2025-06-21,Centro,1434763
2025-06-21,Sur,1043545
2025-06-22,Norte,1159233
2025-06-22,Centro,1267815
2025-06-22,Sur,1130722
2025-06-23,Norte,801351
2025-06-23,Centro,892896
2025-06-23,Sur,911221
2025-06-24,Norte,1006086
2025-06-24,Centro,786833
2025-06-24,Sur,846104
2025-06-25,Norte,938753
2025-06-25,Centro,879939
2025-06-25,Sur,877766
2025-06-26,Norte,897959
2025-06-26,Centro,816499
2025-06-26,Sur,804037
2025-06-27,Norte,952887
2025-06-27,Centro,768587
2025-06-27,Sur,1039846
2025-06-28,Norte,1203899
2025-06-28,Centro,970859
2025-06-28,Sur,1214152
2025-06-29,Norte,1196095
2025-06-29,Centro,1288897
2025-06-29,Sur,1350780
2025-06-30,Norte,856029
2025-06-30,Centro,815068
2025-06-30,Sur,827282
2025-07-01,Norte,782269
2025-07-01,Centro,810427
2025-07-01,Sur,934140
2025-07-02,Norte,901831
2025-07-02,Centro,841037
2025-07-02,Sur,811409
2025-07-03,Norte,941746
2025-07-03,Centro,839808
2025-07-03,Sur,775181
2025-07-04,Norte,881799
2025-07-04,Centro,868260
2025-07-04,Sur,771595
2025-07-05,Norte,1299039
2025-07-05,Centro,1301977
2025-07-05,Sur,1176379
2025-07-06,Norte,1190442
2025-07-06,Centro,1252260
2025-07-06,Sur,1165176
2025-07-07,Norte,1006955
2025-07-07,Centro,1098721
2025-07-07,Sur,909659
2025-07-08,Norte,952830
2025-07-08,Centro,1004814
2025-07-08,Sur,859434
2025-07-09,Norte,764603
2025-07-09,Centro,1008720
2025-07-09,Sur,711748
2025-07-10,Norte,1114660
2025-07-10,Centro,1004452
2025-07-10,Sur,922522
2025-07-11,Norte,906131
2025-07-11,Centro,1110162
2025-07-11,Sur,786452
2025-07-12,Norte,989009
2025-07-12,Centro,1076690
2025-07-12,Sur,1129159
2025-07-13,Norte,1012990
2025-07-13,Centro,1194002
2025-07-13,Sur,1191207
2025-07-14,Norte,802337
2025-07-14,Centro,1092366
2025-07-14,Sur,732951
2025-07-15,Norte,746793
2025-07-15,Centro,945134
2025-07-15,Sur,875102
2025-07-16,Norte,950127
2025-07-16,Centro,825723
2025-07-16,Sur,775999
2025-07-17,Norte,822534
2025-07-17,Centro,817968
2025-07-17,Sur,962999
2025-07-18,Norte,842404
2025-07-18,Centro,991371
2025-07-18,Sur,970569
2025-07-19,Norte,1332333
2025-07-19,Centro,1310512
2025-07-19,Sur,1292359
2025-07-20,Norte,1290097
2025-07-20,Centro,1089396
2025-07-20,Sur,1129146
2025-07-21,Norte,680384
2025-07-21,Centro,935010
2025-07-21,Sur,819148
2025-07-22,Norte,948185
2025-07-22,Centro,963298
2025-07-22,Sur,737748
2025-07-23,Norte,778339
2025-07-23,Centro,858078
2025-07-23,Sur,837887
2025-07-24,Norte,920042
2025-07-24,Centro,761349
2025-07-24,Sur,905661
2025-07-25,Norte,697381
2025-07-25,Centro,641386
2025-07-25,Sur,985999
2025-07-26,Norte,966371
2025-07-26,Centro,1082652
2025-07-26,Sur,948891
2025-07-27,Norte,950216
2025-07-27,Centro,1107778
2025-07-27,Sur,1106019
2025-07-28,Norte,1017910
2025-07-28,Centro,953941
2025-07-28,Sur,868665
2025-07-29,Norte,990922
2025-07-29,Centro,1033986
2025-07-29,Sur,949355
2025-07-30,Norte,851242
2025-07-30,Centro,1022232
2025-07-30,Sur,1112222
2025-07-31,Norte,979264
2025-07-31,Centro,1112481
2025-07-31,Sur,1011191
2025-08-01,Norte,1001863
2025-08-01,Centro,769177
2025-08-01,Sur,766374
2025-08-02,Norte,1162280
2025-08-02,Centro,909564
2025-08-02,Sur,1077499
2025-08-03,Norte,1305304
2025-08-03,Centro,1066235
2025-08-03,Sur,1253177
2025-08-04,Norte,737849
2025-08-04,Centro,840763
2025-08-04,Sur,1022812
2025-08-05,Norte,925021
2025-08-05,Centro,934833
2025-08-05,Sur,1104566
2025-08-06,Norte,1055616
2025-08-06,Centro,794777
2025-08-06,Sur,1058147
2025-08-07,Norte,826170
2025-08-07,Centro,897889
2025-08-07,Sur,901825
2025-08-08,Norte,1028764
2025-08-08,Centro,764488
2025-08-08,Sur,954223
2025-08-09,Norte,1251746
2025-08-09,Centro,1296596
2025-08-09,Sur,1137179
2025-08-10,Norte,1326532
2025-08-10,Centro,1058999
2025-08-10,Sur,1348941
2025-08-11,Norte,942268
2025-08-11,Centro,731990
2025-08-11,Sur,948950
2025-08-12,Norte,921516
2025-08-12,Centro,857321
2025-08-12,Sur,811649
2025-08-13,Norte,871176
2025-08-13,Centro,726941
2025-08-13,Sur,1102886
2025-08-14,Norte,764606
2025-08-14,Centro,820646
2025-08-14,Sur,1037387
2025-08-15,Norte,970203
2025-08-15,Centro,986429
2025-08-15,Sur,1082005
2025-08-16,Norte,1121305
2025-08-16,Centro,1006746
2025-08-16,Sur,1301705
2025-08-17,Norte,1294219
2025-08-17,Centro,1119005
2025-08-17,Sur,972569
2025-08-18,Norte,1048698
2025-08-18,Centro,969101
2025-08-18,Sur,735183
2025-08-19,Norte,993594
2025-08-19,Centro,727082
2025-08-19,Sur,842084
2025-08-20,Norte,765202
2025-08-20,Centro,823460
2025-08-20,Sur,800002
2025-08-21,Norte,826402
2025-08-21,Centro,986911
2025-08-21,Sur,935350
2025-08-22,Norte,975447
2025-08-22,Centro,1031081
2025-08-22,Sur,855275
2025-08-23,Norte,1182463
2025-08-23,Centro,1253951
2025-08-23,Sur,1436251
2025-08-24,Norte,1310256
2025-08-24,Centro,1385521
2025-08-24,Sur,1328958
2025-08-25,Norte,1026871
2025-08-25,Centro,685839
2025-08-25,Sur,1005703
2025-08-26,Norte,925550
2025-08-26,Centro,906505
2025-08-26,Sur,836729
2025-08-27,Norte,848967
2025-08-27,Centro,949941
2025-08-27,Sur,1000797
2025-08-28,Norte,720265
2025-08-28,Centro,926172
2025-08-28,Sur,832717
2025-08-29,Norte,785903
2025-08-29,Centro,947114
2025-08-29,Sur,860553
2025-08-30,Norte,1067190
2025-08-30,Centro,1050010
2025-08-30,Sur,1213882
2025-08-31,Norte,1168434
2025-08-31,Centro,999704
2025-08-31,Sur,1038804
2025-09-01,Norte,965909
2025-09-01,Centro,1043479
2025-09-01,Sur,851437
2025-09-02,Norte,1054430
2025-09-02,Centro,881231
2025-09-02,Sur,1350062
2025-09-03,Norte,865787
2025-09-03,Centro,885703
2025-09-03,Sur,1015608
2025-09-04,Norte,870885
2025-09-04,Centro,1099247
2025-09-04,Sur,1227786
2025-09-05,Norte,938834
2025-09-05,Centro,1012805
2025-09-05,Sur,921655
2025-09-06,Norte,1286995
2025-09-06,Centro,1532685
2025-09-06,Sur,1440452
2025-09-07,Norte,1131835
2025-09-07,Centro,1552277
2025-09-07,Sur,1486409
2025-09-08,Norte,1054200
2025-09-08,Centro,902983
2025-09-08,Sur,998673
2025-09-09,Norte,884998
2025-09-09,Centro,1051723
2025-09-09,Sur,948225
2025-09-10,Norte,694985
2025-09-10,Centro,1112258
2025-09-10,Sur,1015271
2025-09-11,Norte,1132359
2025-09-11,Centro,972024
2025-09-11,Sur,1014877
2025-09-12,Norte,1137223
2025-09-12,Centro,1041189
2025-09-12,Sur,1028016
2025-09-13,Norte,1838589
2025-09-13,Centro,1257999
2025-09-13,Sur,1316032
2025-09-14,Norte,1584559
2025-09-14,Centro,1148860
2025-09-14,Sur,1108364
2025-09-15,Norte,800967
2025-09-15,Centro,1060443
2025-09-15,Sur,1072583
2025-09-16,Norte,1087876
2025-09-16,Centro,811330
2025-09-16,Sur,1122773
2025-09-17,Norte,1148039
2025-09-17,Centro,977154
2025-09-17,Sur,994298
2025-09-18,Norte,1079178
2025-09-18,Centro,1038462
2025-09-18,Sur,1074739
2025-09-19,Norte,846636
2025-09-19,Centro,966949
2025-09-19,Sur,829953
2025-09-20,Norte,1395327
2025-09-20,Centro,1377985
2025-09-20,Sur,1270043
2025-09-21,Norte,1337930
2025-09-21,Centro,1019901
2025-09-21,Sur,1434219
2025-09-22,Norte,928320
2025-09-22,Centro,1007034
2025-09-22,Sur,1137228
2025-09-23,Norte,890141
2025-09-23,Centro,1148034
2025-09-23,Sur,1006377
2025-09-24,Norte,993721
2025-09-24,Centro,1063398
2025-09-24,Sur,825392
2025-09-25,Norte,1068422
2025-09-25,Centro,998119
2025-09-25,Sur,1126788
2025-09-26,Norte,961381
2025-09-26,Centro,942042
2025-09-26,Sur,1038792
2025-09-27,Norte,1276812
2025-09-27,Centro,1085546
2025-09-27,Sur,1253716
2025-09-28,Norte,1504525
2025-09-28,Centro,1271023
2025-09-28,Sur,1137629
2025-09-29,Norte,1084503
2025-09-29,Centro,745345
2025-09-29,Sur,710124
2025-09-30,Norte,989452
2025-09-30,Centro,1013882
2025-09-30,Sur,1019092
2025-10-01,Norte,792866
2025-10-01,Centro,881940
2025-10-01,Sur,732152
2025-10-02,Norte,926347
2025-10-02,Centro,706161
2025-10-02,Sur,882090
2025-10-03,Norte,931389
2025-10-03,Centro,689204
2025-10-03,Sur,837299
2025-10-04,Norte,1292950
2025-10-04,Centro,1411638
2025-10-04,Sur,935382
2025-10-05,Norte,1223027
2025-10-05,Centro,977191
2025-10-05,Sur,960139
2025-10-06,Norte,1091528
2025-10-06,Centro,980181
2025-10-06,Sur,803496
2025-10-07,Norte,926283
2025-10-07,Centro,977033
2025-10-07,Sur,921755
2025-10-08,Norte,1169673
2025-10-08,Centro,972693
2025-10-08,Sur,540842
2025-10-09,Norte,865176
2025-10-09,Centro,811610
2025-10-09,Sur,875502
2025-10-10,Norte,901615
2025-10-10,Centro,821862
2025-10-10,Sur,769809
2025-10-11,Norte,1382691
2025-10-11,Centro,1263185
2025-10-11,Sur,1065364
2025-10-12,Norte,1276025
2025-10-12,Centro,1275328
2025-10-12,Sur,1367699
2025-10-13,Norte,773362
2025-10-13,Centro,993585
2025-10-13,Sur,827065
2025-10-14,Norte,1038605
2025-10-14,Centro,876906
2025-10-14,Sur,627386
2025-10-15,Norte,904242
2025-10-15,Centro,685900
2025-10-15,Sur,873942
2025-10-16,Norte,893017
2025-10-16,Centro,851843
2025-10-16,Sur,721569
2025-10-17,Norte,766112
2025-10-17,Centro,798649
2025-10-17,Sur,870226
2025-10-18,Norte,1371005
2025-10-18,Centro,1280617
2025-10-18,Sur,1096337
2025-10-19,Norte,1368724
2025-10-19,Centro,956582
2025-10-19,Sur,1276863
2025-10-20,Norte,878971
2025-10-20,Centro,928358
2025-10-20,Sur,976615
2025-10-21,Norte,818450
2025-10-21,Centro,996138
2025-10-21,Sur,898882
2025-10-22,Norte,1189415
2025-10-22,Centro,863488
2025-10-22,Sur,1052300
2025-10-23,Norte,977650
2025-10-23,Centro,759104
2025-10-23,Sur,1063274
2025-10-24,Norte,772750
2025-10-24,Centro,632160
2025-10-24,Sur,1002397
2025-10-25,Norte,1336756
2025-10-25,Centro,1178115
2025-10-25,Sur,1129280
2025-10-26,Norte,1417054
2025-10-26,Centro,1281051
2025-10-26,Sur,1067684
2025-10-27,Norte,987783
2025-10-27,Centro,750805
2025-10-27,Sur,832923
2025-10-28,Norte,773864
2025-10-28,Centro,635997
2025-10-28,Sur,758724
2025-10-29,Norte,1046679
2025-10-29,Centro,768261
2025-10-29,Sur,833996
2025-10-30,Norte,760683
2025-10-30,Centro,1003872
2025-10-30,Sur,900143
2025-10-31,Norte,958889
2025-10-31,Centro,887317
2025-10-31,Sur,759476
2025-11-01,Norte,1170774
2025-11-01,Centro,1495705
2025-11-01,Sur,1335201
2025-11-02,Norte,1484427
2025-11-02,Centro,778130
2025-11-02,Sur,1544653
2025-11-03,Norte,966832
2025-11-03,Centro,1334854
2025-11-03,Sur,964515
2025-11-04,Norte,1038901
2025-11-04,Centro,1126132
2025-11-04,Sur,914140
2025-11-05,Norte,1155437
2025-11-05,Centro,945960
2025-11-05,Sur,1212896
2025-11-06,Norte,1144462
2025-11-06,Centro,1103397
2025-11-06,Sur,935061
2025-11-07,Norte,1005941
2025-11-07,Centro,1076387
2025-11-07,Sur,754398
2025-11-08,Norte,1246516
2025-11-08,Centro,1513790
2025-11-08,Sur,1117988
2025-11-09,Norte,1574948
2025-11-09,Centro,1232780
2025-11-09,Sur,1403492
2025-11-10,Norte,876622
2025-11-10,Centro,1101844
2025-11-10,Sur,1098856
2025-11-11,Norte,1191819
2025-11-11,Centro,1221861
2025-11-11,Sur,1207986
2025-11-12,Norte,1063830
2025-11-12,Centro,865789
2025-11-12,Sur,1217679
2025-11-13,Norte,855029
2025-11-13,Centro,974458
2025-11-13,Sur,1136720
2025-11-14,Norte,1096210
2025-11-14,Centro,1254843
2025-11-14,Sur,1034440
2025-11-15,Norte,1042301
2025-11-15,Centro,1296118
2025-11-15,Sur,1376726
2025-11-16,Norte,1282600
2025-11-16,Centro,1598894
2025-11-16,Sur,1301078
2025-11-17,Norte,836853
2025-11-17,Centro,1099416
2025-11-17,Sur,876619
2025-11-18,Norte,1269585
2025-11-18,Centro,1072273
2025-11-18,Sur,841346
2025-11-19,Norte,1183956
2025-11-19,Centro,1361956
2025-11-19,Sur,758440
2025-11-20,Norte,1159624
2025-11-20,Centro,1101795
2025-11-20,Sur,1059243
2025-11-21,Norte,1082379
2025-11-21,Centro,1102880
2025-11-21,Sur,939365
2025-11-22,Norte,1598631
2025-11-22,Centro,1103395
2025-11-22,Sur,1696866
2025-11-23,Norte,1619567
2025-11-23,Centro,1132707
2025-11-23,Sur,1344531
2025-11-24,Norte,1230940
2025-11-24,Centro,967242
2025-11-24,Sur,1012587
2025-11-25,Norte,979471
2025-11-25,Centro,1196111
2025-11-25,Sur,951139
2025-11-26,Norte,1033644
2025-11-26,Centro,1109549
2025-11-26,Sur,1006350
2025-11-27,Norte,915432
2025-11-27,Centro,849866
2025-11-27,Sur,825480
2025-11-28,Norte,872187
2025-11-28,Centro,797564
2025-11-28,Sur,934691
2025-11-29,Norte,1399358
2025-11-29,Centro,1355204
2025-11-29,Sur,1197202
2025-11-30,Norte,1162867
2025-11-30,Centro,1167286
2025-11-30,Sur,1096511
2025-12-01,Norte,1052372
2025-12-01,Centro,1380012
2025-12-01,Sur,1024025
2025-12-02,Norte,1262909
2025-12-02,Centro,1156166
2025-12-02,Sur,1667894
2025-12-03,Norte,958116
2025-12-03,Centro,1292474
2025-12-03,Sur,1203929
2025-12-04,Norte,1130450
2025-12-04,Centro,1312955
2025-12-04,Sur,1286138
2025-12-05,Norte,1080423
2025-12-05,Centro,1331614
2025-12-05,Sur,1325380
2025-12-06,Norte,1923988
2025-12-06,Centro,1504782
2025-12-06,Sur,1959145
2025-12-07,Norte,1595015
2025-12-07,Centro,1206438
2025-12-07,Sur,1752244
2025-12-08,Norte,1246292
2025-12-08,Centro,1111765
2025-12-08,Sur,1416784
2025-12-09,Norte,1180766
2025-12-09,Centro,1430836
2025-12-09,Sur,1246106
2025-12-10,Norte,1386054
2025-12-10,Centro,1374152
2025-12-10,Sur,1339492
2025-12-11,Norte,1086616
2025-12-11,Centro,1414511
2025-12-11,Sur,1263655
2025-12-12,Norte,1596379
2025-12-12,Centro,1340416
2025-12-12,Sur,1386189
2025-12-13,Norte,1470947
2025-12-13,Centro,1549298
2025-12-13,Sur,1659123
2025-12-14,Norte,1382368
2025-12-14,Centro,1382411
2025-12-14,Sur,1614285
2025-12-15,Norte,1246917
2025-12-15,Centro,1293948
2025-12-15,Sur,1447673
2025-12-16,Norte,1192743
2025-12-16,Centro,1374387
2025-12-16,Sur,1235701
2025-12-17,Norte,1227405
2025-12-17,Centro,1303187
2025-12-17,Sur,912621
2025-12-18,Norte,1271147
2025-12-18,Centro,1152772
2025-12-18,Sur,1103787
2025-12-19,Norte,942985
2025-12-19,Centro,1185594
2025-12-19,Sur,944590
2025-12-20,Norte,1828034
2025-12-20,Centro,1585735
2025-12-20,Sur,1270635
2025-12-21,Norte,1490902
2025-12-21,Centro,1802881
2025-12-21,Sur,1508077
2025-12-22,Norte,1212755
2025-12-22,Centro,1197977
2025-12-22,Sur,1238449
2025-12-23,Norte,974439
2025-12-23,Centro,1252362
2025-12-23,Sur,1166240
2025-12-24,Norte,1756234
2025-12-24,Centro,1224214
2025-12-24,Sur,1183455
2025-12-25,Norte,1426064
2025-12-25,Centro,1233786
2025-12-25,Sur,1302561
2025-12-26,Norte,1113148
2025-12-26,Centro,1521278
2025-12-26,Sur,1154550
2025-12-27,Norte,1719976
2025-12-27,Centro,1885306
2025-12-27,Sur,1571496
2025-12-28,Norte,1637967
2025-12-28,Centro,1766094
2025-12-28,Sur,1787097
2025-12-29,Norte,1076863
2025-12-29,Centro,1290489
2025-12-29,Sur,1101178
2025-12-30,Norte,1134777
2025-12-30,Centro,1151070
2025-12-30,Sur,1464284
2025-12-31,Norte,1528224
2025-12-31,Centro,1697716
2025-12-31,Sur,1250499
2026-01-01,Norte,799031
2026-01-01,Centro,783662
2026-01-01,Sur,1092897
2026-01-02,Norte,715394
2026-01-02,Centro,861963
2026-01-02,Sur,832072
2026-01-03,Norte,1442999
2026-01-03,Centro,1011918
2026-01-03,Sur,1341859
2026-01-04,Norte,1374883
2026-01-04,Centro,1143983
2026-01-04,Sur,1242617
2026-01-05,Norte,715354
2026-01-05,Centro,889415
2026-01-05,Sur,874196
2026-01-06,Norte,590450
2026-01-06,Centro,949845
2026-01-06,Sur,942619
2026-01-07,Norte,696794
2026-01-07,Centro,730526
2026-01-07,Sur,810085
2026-01-08,Norte,836498
2026-01-08,Centro,863236
2026-01-08,Sur,785025
2026-01-09,Norte,779057
2026-01-09,Centro,936781
2026-01-09,Sur,842970
2026-01-10,Norte,1153339
2026-01-10,Centro,1134169
2026-01-10,Sur,1241323
2026-01-11,Norte,1145933
2026-01-11,Centro,1304400
2026-01-11,Sur,1186067
2026-01-12,Norte,1006684
2026-01-12,Centro,1049649
2026-01-12,Sur,724742
2026-01-13,Norte,1010639
2026-01-13,Centro,1113938
2026-01-13,Sur,783296
2026-01-14,Norte,896175
2026-01-14,Centro,857135
2026-01-14,Sur,952900
2026-01-15,Norte,962399
2026-01-15,Centro,819684
2026-01-15,Sur,1057506
2026-01-16,Norte,797198
2026-01-16,Centro,883401
2026-01-16,Sur,1022831
2026-01-17,Norte,1474736
2026-01-17,Centro,1090025
2026-01-17,Sur,1292037
2026-01-18,Norte,1204326
2026-01-18,Centro,923138
2026-01-18,Sur,1020990
2026-01-19,Norte,755427
2026-01-19,Centro,839601
2026-01-19,Sur,849985
2026-01-20,Norte,903353
2026-01-20,Centro,1053323
2026-01-20,Sur,950697
2026-01-21,Norte,1218367
2026-01-21,Centro,870788
2026-01-21,Sur,994710
2026-01-22,Norte,949729
2026-01-22,Centro,1080788
2026-01-22,Sur,854554
2026-01-23,Norte,1001430
2026-01-23,Centro,1095488
2026-01-23,Sur,813502
2026-01-24,Norte,1158320
2026-01-24,Centro,1248671
2026-01-24,Sur,1102174
2026-01-25,Norte,1033461
2026-01-25,Centro,1455906
2026-01-25,Sur,1134174
2026-01-26,Norte,1108091
2026-01-26,Centro,838988
2026-01-26,Sur,875149
2026-01-27,Norte,995656
2026-01-27,Centro,875277
2026-01-27,Sur,792135
2026-01-28,Norte,813610
2026-01-28,Centro,932720
2026-01-28,Sur,820066
2026-01-29,Norte,910568
2026-01-29,Centro,629125
2026-01-29,Sur,833025
2026-01-30,Norte,878362
2026-01-30,Centro,838482
2026-01-30,Sur,780769
2026-01-31,Norte,1032173
2026-01-31,Centro,1181001
2026-01-31,Sur,1401981
2026-02-01,Norte,761476
2026-02-01,Centro,901522
2026-02-01,Sur,1057935
2026-02-02,Norte,752107
2026-02-02,Centro,710999
2026-02-02,Sur,676731
2026-02-03,Norte,721273
2026-02-03,Centro,710297
2026-02-03,Sur,510099
2026-02-04,Norte,651284
2026-02-04,Centro,532839
2026-02-04,Sur,843941
2026-02-05,Norte,798974
2026-02-05,Centro,644329
2026-02-05,Sur,797268
2026-02-06,Norte,955070
2026-02-06,Centro,660184
2026-02-06,Sur,844730
2026-02-07,Norte,981240
2026-02-07,Centro,906459
2026-02-07,Sur,797982
2026-02-08,Norte,866620
2026-02-08,Centro,886714
2026-02-08,Sur,646991
2026-02-09,Norte,770924
2026-02-09,Centro,689113
2026-02-09,Sur,764087
2026-02-10,Norte,679754
2026-02-10,Centro,1007834
2026-02-10,Sur,560900
2026-02-11,Norte,630426
2026-02-11,Centro,787699
2026-02-11,Sur,946412
2026-02-12,Norte,624727
2026-02-12,Centro,895604
2026-02-12,Sur,631965
2026-02-13,Norte,844163
2026-02-13,Centro,727237
2026-02-13,Sur,934079
2026-02-14,Norte,1158391
2026-02-14,Centro,855164
2026-02-14,Sur,1302375
2026-02-15,Norte,795704
2026-02-15,Centro,896860
2026-02-15,Sur,1161626
2026-02-16,Norte,649460
2026-02-16,Centro,658430
2026-02-16,Sur,732540
2026-02-17,Norte,763438
2026-02-17,Centro,757169
2026-02-17,Sur,648413
2026-02-18,Norte,738901
2026-02-18,Centro,781192
2026-02-18,Sur,864383
2026-02-19,Norte,751503
2026-02-19,Centro,599713
2026-02-19,Sur,722728
2026-02-20,Norte,660423
2026-02-20,Centro,846626
2026-02-20,Sur,559159
2026-02-21,Norte,1005854
2026-02-21,Centro,803038
2026-02-21,Sur,1094752
2026-02-22,Norte,1032241
2026-02-22,Centro,963372
2026-02-22,Sur,999016
2026-02-23,Norte,687659
2026-02-23,Centro,784874
2026-02-23,Sur,715235
2026-02-24,Norte,790195
2026-02-24,Centro,725623
2026-02-24,Sur,481805
2026-02-25,Norte,670688
2026-02-25,Centro,865679
2026-02-25,Sur,859443
2026-02-26,Norte,730036
2026-02-26,Centro,707900
2026-02-26,Sur,687816
2026-02-27,Norte,780533
2026-02-27,Centro,775587
2026-02-27,Sur,626007
2026-02-28,Norte,1018573
2026-02-28,Centro,1089865
2026-02-28,Sur,816832
2026-03-01,Norte,1140852
2026-03-01,Centro,1242316
2026-03-01,Sur,1282749
2026-03-02,Norte,849535
2026-03-02,Centro,836558
2026-03-02,Sur,844333
2026-03-03,Norte,946227
2026-03-03,Centro,951494
2026-03-03,Sur,897669
2026-03-04,Norte,736293
2026-03-04,Centro,769201
2026-03-04,Sur,976418
2026-03-05,Norte,753469
2026-03-05,Centro,927162
2026-03-05,Sur,856704
2026-03-06,Norte,827732
2026-03-06,Centro,903203
2026-03-06,Sur,1101162
2026-03-07,Norte,1215055
2026-03-07,Centro,1123876
2026-03-07,Sur,940154
2026-03-08,Norte,1249909
2026-03-08,Centro,1347325
2026-03-08,Sur,1264750
2026-03-09,Norte,1039914
2026-03-09,Centro,957191
2026-03-09,Sur,743607
2026-03-10,Norte,894606
2026-03-10,Centro,962984
2026-03-10,Sur,986521
2026-03-11,Norte,840830
2026-03-11,Centro,892396
2026-03-11,Sur,943904
2026-03-12,Norte,1052555
2026-03-12,Centro,1020628
2026-03-12,Sur,977558
2026-03-13,Norte,947546
2026-03-13,Centro,776966
2026-03-13,Sur,767884
2026-03-14,Norte,1155670
2026-03-14,Centro,1332487
2026-03-14,Sur,1231675
2026-03-15,Norte,1257530
2026-03-15,Centro,935757
2026-03-15,Sur,941982
2026-03-16,Norte,1034386
2026-03-16,Centro,895843
2026-03-16,Sur,742357
2026-03-17,Norte,1005860
2026-03-17,Centro,930964
2026-03-17,Sur,1254175
2026-03-18,Norte,1050000
2026-03-18,Centro,941603
2026-03-18,Sur,881866
2026-03-19,Norte,927875
2026-03-19,Centro,887681
2026-03-19,Sur,727344
2026-03-20,Norte,1011302
2026-03-20,Centro,932982
2026-03-20,Sur,569435
2026-03-21,Norte,1070858
2026-03-21,Centro,1040716
2026-03-21,Sur,1323018
2026-03-22,Norte,1163127
2026-03-22,Centro,1402035
2026-03-22,Sur,921722
2026-03-23,Norte,770905
2026-03-23,Centro,1028051
2026-03-23,Sur,821373
2026-03-24,Norte,772964
2026-03-24,Centro,836799
2026-03-24,Sur,808821
2026-03-25,Norte,964719
2026-03-25,Centro,1034180
2026-03-25,Sur,709569
2026-03-26,Norte,865106
2026-03-26,Centro,901709
2026-03-26,Sur,909863
2026-03-27,Norte,999990
2026-03-27,Centro,914381
2026-03-27,Sur,830423
2026-03-28,Norte,996544
2026-03-28,Centro,885345
2026-03-28,Sur,1112106
2026-03-29,Norte,1172247
2026-03-29,Centro,1313789
2026-03-29,Sur,1111068
2026-03-30,Norte,1178844
2026-03-30,Centro,890822
2026-03-30,Sur,841998
2026-03-31,Norte,945671
2026-03-31,Centro,783532
2026-03-31,Sur,925068
2026-04-01,Norte,652308
2026-04-01,Centro,981131
2026-04-01,Sur,908001
2026-04-02,Norte,925268
2026-04-02,Centro,918577
2026-04-02,Sur,747149
2026-04-03,Norte,792165
2026-04-03,Centro,1087970
2026-04-03,Sur,959351
2026-04-04,Norte,1076826
2026-04-04,Centro,1235688
2026-04-04,Sur,1233602
2026-04-05,Norte,1474899
2026-04-05,Centro,1343214
2026-04-05,Sur,1234142
2026-04-06,Norte,846097
2026-04-06,Centro,1114042
2026-04-06,Sur,887814
2026-04-07,Norte,795538
2026-04-07,Centro,753570
2026-04-07,Sur,796512
2026-04-08,Norte,856309
2026-04-08,Centro,991848
2026-04-08,Sur,1009582
2026-04-09,Norte,1038128
2026-04-09,Centro,918357
2026-04-09,Sur,999779
2026-04-10,Norte,1171117
2026-04-10,Centro,1009234
2026-04-10,Sur,1092345
2026-04-11,Norte,934340
2026-04-11,Centro,1054279
2026-04-11,Sur,1052826
2026-04-12,Norte,752382
2026-04-12,Centro,1181493
2026-04-12,Sur,1387222
2026-04-13,Norte,835761
2026-04-13,Centro,923453
2026-04-13,Sur,797513
2026-04-14,Norte,840992
2026-04-14,Centro,934237
2026-04-14,Sur,756506
2026-04-15,Norte,1040883
2026-04-15,Centro,669748
2026-04-15,Sur,938668
2026-04-16,Norte,841022
2026-04-16,Centro,1078697
2026-04-16,Sur,991421
2026-04-17,Norte,649900
2026-04-17,Centro,609312
2026-04-17,Sur,779837
2026-04-18,Norte,1091652
2026-04-18,Centro,1140514
2026-04-18,Sur,1174718
2026-04-19,Norte,1275080
2026-04-19,Centro,956905
2026-04-19,Sur,889114
2026-04-20,Norte,930295
2026-04-20,Centro,856682
2026-04-20,Sur,887595
2026-04-21,Norte,822980
2026-04-21,Centro,879214
2026-04-21,Sur,1078380
2026-04-22,Norte,705207
2026-04-22,Centro,752936
2026-04-22,Sur,976992
2026-04-23,Norte,1088088
2026-04-23,Centro,875322
2026-04-23,Sur,748474
2026-04-24,Norte,659865
2026-04-24,Centro,931265
2026-04-24,Sur,750077
2026-04-25,Norte,1509390
2026-04-25,Centro,1535290
2026-04-25,Sur,1205303
2026-04-26,Norte,1245732
2026-04-26,Centro,1151605
2026-04-26,Sur,1348120
2026-04-27,Norte,899631
2026-04-27,Centro,907602
2026-04-27,Sur,1063248
2026-04-28,Norte,975141
2026-04-28,Centro,1155717
2026-04-28,Sur,703580
2026-04-29,Norte,833330
2026-04-29,Centro,791531
2026-04-29,Sur,1001013
2026-04-30,Norte,840769
2026-04-30,Centro,972279
2026-04-30,Sur,759721
2026-05-01,Norte,888679
2026-05-01,Centro,1175639
2026-05-01,Sur,1096604
2026-05-02,Norte,876949
2026-05-02,Centro,1226875
2026-05-02,Sur,1298911
2026-05-03,Norte,1093028
2026-05-03,Centro,998028
2026-05-03,Sur,1273270
2026-05-04,Norte,912099
2026-05-04,Centro,966304
2026-05-04,Sur,881033
2026-05-05,Norte,1179739
2026-05-05,Centro,790339
2026-05-05,Sur,840480
2026-05-06,Norte,961786
2026-05-06,Centro,987809
2026-05-06,Sur,734554
2026-05-07,Norte,1055677
2026-05-07,Centro,725025
2026-05-07,Sur,900767
2026-05-08,Norte,863156
2026-05-08,Centro,815085
2026-05-08,Sur,1035990
2026-05-09,Norte,803859
2026-05-09,Centro,1055997
2026-05-09,Sur,1029168
2026-05-10,Norte,1306483
2026-05-10,Centro,1411865
2026-05-10,Sur,1290973
2026-05-11,Norte,1067434
2026-05-11,Centro,633053
2026-05-11,Sur,919632
2026-05-12,Norte,734035
2026-05-12,Centro,855004
2026-05-12,Sur,929360
2026-05-13,Norte,911354
2026-05-13,Centro,1065090
2026-05-13,Sur,662563
2026-05-14,Norte,799711
2026-05-14,Centro,722324
2026-05-14,Sur,703345
2026-05-15,Norte,1020693
2026-05-15,Centro,921890
2026-05-15,Sur,1086793
2026-05-16,Norte,1354892
2026-05-16,Centro,1180631
2026-05-16,Sur,1018739
2026-05-17,Norte,1324719
2026-05-17,Centro,1062109
2026-05-17,Sur,982889
2026-05-18,Norte,761950
2026-05-18,Centro,914622
2026-05-18,Sur,1051863
2026-05-19,Norte,906313
2026-05-19,Centro,1046931
2026-05-19,Sur,910961
2026-05-20,Norte,848826
2026-05-20,Centro,1226540
2026-05-20,Sur,1118525
2026-05-21,Norte,923628
2026-05-21,Centro,800136
2026-05-21,Sur,706916
2026-05-22,Norte,948162
2026-05-22,Centro,869338
2026-05-22,Sur,956040
2026-05-23,Norte,1220394
2026-05-23,Centro,1238059
2026-05-23,Sur,1348187
2026-05-24,Norte,1219018
2026-05-24,Centro,1057142
2026-05-24,Sur,1049794
2026-05-25,Norte,969975
2026-05-25,Centro,771380
2026-05-25,Sur,986201
2026-05-26,Norte,985703
2026-05-26,Centro,894733
2026-05-26,Sur,806229
2026-05-27,Norte,686839
2026-05-27,Centro,765124
2026-05-27,Sur,704888
2026-05-28,Norte,903200
2026-05-28,Centro,846925
2026-05-28,Sur,789520
2026-05-29,Norte,1004712
2026-05-29,Centro,915519
2026-05-29,Sur,905710
2026-05-30,Norte,1257066
2026-05-30,Centro,1331686
2026-05-30,Sur,919959
2026-05-31,Norte,1280242
2026-05-31,Centro,887805
2026-05-31,Sur,1046076
2026-06-01,Norte,1021457
2026-06-01,Centro,982946
2026-06-01,Sur,979768
2026-06-02,Norte,921850
2026-06-02,Centro,1069557
2026-06-02,Sur,715103
2026-06-03,Norte,863381
2026-06-03,Centro,905681
2026-06-03,Sur,1144234
2026-06-04,Norte,1023185
2026-06-04,Centro,1024611
2026-06-04,Sur,808638
2026-06-05,Norte,1169959
2026-06-05,Centro,956617
2026-06-05,Sur,779289
2026-06-06,Norte,1535876
2026-06-06,Centro,947402
2026-06-06,Sur,1034482
2026-06-07,Norte,1133495
2026-06-07,Centro,1017054
2026-06-07,Sur,1252244
2026-06-08,Norte,933211
2026-06-08,Centro,913620
2026-06-08,Sur,1127256
2026-06-09,Norte,703923
2026-06-09,Centro,1063966
2026-06-09,Sur,801041
2026-06-10,Norte,1075459
2026-06-10,Centro,1128625
2026-06-10,Sur,1176186
2026-06-11,Norte,877138
2026-06-11,Centro,760408
2026-06-11,Sur,939351
2026-06-12,Norte,893595
2026-06-12,Centro,688458
2026-06-12,Sur,988265
2026-06-13,Norte,1026062
2026-06-13,Centro,1394953
2026-06-13,Sur,1320565
2026-06-14,Norte,1126111
2026-06-14,Centro,1175641
2026-06-14,Sur,1132159
2026-06-15,Norte,845112
2026-06-15,Centro,1271797
2026-06-15,Sur,787656
2026-06-16,Norte,906640
2026-06-16,Centro,1018976
2026-06-16,Sur,853879
2026-06-17,Norte,824574
2026-06-17,Centro,740507
2026-06-17,Sur,1043044
2026-06-18,Norte,985440
2026-06-18,Centro,956392
2026-06-18,Sur,718944
2026-06-19,Norte,960429
2026-06-19,Centro,934236
2026-06-19,Sur,859432
2026-06-20,Norte,955228
2026-06-20,Centro,1161157
2026-06-20,Sur,1034148
2026-06-21,Norte,1182485
2026-06-21,Centro,1179881
2026-06-21,Sur,1117247
2026-06-22,Norte,1005842
2026-06-22,Centro,892073
2026-06-22,Sur,963490
2026-06-23,Norte,950208
2026-06-23,Centro,1020980
2026-06-23,Sur,784312
2026-06-24,Norte,858563
2026-06-24,Centro,1010639
2026-06-24,Sur,918423
2026-06-25,Norte,1035096
2026-06-25,Centro,989429
2026-06-25,Sur,846638
2026-06-26,Norte,1005661
2026-06-26,Centro,869101
2026-06-26,Sur,1014792
2026-06-27,Norte,1459187
2026-06-27,Centro,1340288
2026-06-27,Sur,1527162
2026-06-28,Norte,927953
2026-06-28,Centro,1084453
2026-06-28,Sur,1128450
2026-06-29,Norte,851965
2026-06-29,Centro,944693
2026-06-29,Sur,855826
2026-06-30,Norte,1032732
2026-06-30,Centro,1018171
2026-06-30,Sur,949616
2026-07-01,Norte,778534
2026-07-01,Centro,965684
2026-07-01,Sur,980914
2026-07-02,Norte,942466
2026-07-02,Centro,903600
2026-07-02,Sur,1068040
2026-07-03,Norte,834194
2026-07-03,Centro,855996
2026-07-03,Sur,980046
2026-07-04,Norte,1252803
2026-07-04,Centro,1303005
2026-07-04,Sur,1125694
2026-07-05,Norte,964905
2026-07-05,Centro,976937
2026-07-05,Sur,1102503
2026-07-06,Norte,995091
2026-07-06,Centro,995071
2026-07-06,Sur,682090
2026-07-07,Norte,964067
2026-07-07,Centro,889532
2026-07-07,Sur,774947
2026-07-08,Norte,1162893
2026-07-08,Centro,931674
2026-07-08,Sur,999289
2026-07-09,Norte,1208103
2026-07-09,Centro,830265
2026-07-09,Sur,852385
2026-07-10,Norte,1078681
2026-07-10,Centro,743079
2026-07-10,Sur,908875
2026-07-11,Norte,1177209
2026-07-11,Centro,1321348
2026-07-11,Sur,1233240
2026-07-12,Norte,1027543
2026-07-12,Centro,1321670
2026-07-12,Sur,1301843
2026-07-13,Norte,773879
2026-07-13,Centro,817463
2026-07-13,Sur,836903
2026-07-14,Norte,762079
2026-07-14,Centro,1027760
2026-07-14,Sur,861138
2026-07-15,Norte,866660
2026-07-15,Centro,775469
2026-07-15,Sur,852655
2026-07-16,Norte,1078194
2026-07-16,Centro,989794
2026-07-16,Sur,705912
2026-07-17,Norte,781235
2026-07-17,Centro,976272
2026-07-17,Sur,840225
2026-07-18,Norte,1083694
2026-07-18,Centro,1035763
2026-07-18,Sur,962353
2026-07-19,Norte,1184865
2026-07-19,Centro,1110677
2026-07-19,Sur,1347898
2026-07-20,Norte,891995
2026-07-20,Centro,784179
2026-07-20,Sur,983256
2026-07-21,Norte,1061537
2026-07-21,Centro,811711
2026-07-21,Sur,695690
2026-07-22,Norte,842524
2026-07-22,Centro,738010
2026-07-22,Sur,1096994
2026-07-23,Norte,733470
2026-07-23,Centro,860676
2026-07-23,Sur,1076822
2026-07-24,Norte,1004545
2026-07-24,Centro,838360
2026-07-24,Sur,806032
2026-07-25,Norte,1141686
2026-07-25,Centro,1132535
2026-07-25,Sur,1403438
2026-07-26,Norte,1145872
2026-07-26,Centro,959404
2026-07-26,Sur,1323780
2026-07-27,Norte,1024383
2026-07-27,Centro,872784
2026-07-27,Sur,992655
2026-07-28,Norte,906149
2026-07-28,Centro,755184
2026-07-28,Sur,890271
2026-07-29,Norte,762638
2026-07-29,Centro,823901
2026-07-29,Sur,787332
2026-07-30,Norte,939941
2026-07-30,Centro,922378
2026-07-30,Sur,741638
2026-07-31,Norte,789617
2026-07-31,Centro,899676
2026-07-31,Sur,955724
2026-08-01,Norte,1181269
2026-08-01,Centro,825740
2026-08-01,Sur,1370757
2026-08-02,Norte,1446480
2026-08-02,Centro,1417071
2026-08-02,Sur,1254880
2026-08-03,Norte,980638
2026-08-03,Centro,821496
2026-08-03,Sur,922629
2026-08-04,Norte,764324
2026-08-04,Centro,914611
2026-08-04,Sur,728436
2026-08-05,Norte,970224
2026-08-05,Centro,857453
2026-08-05,Sur,992048
2026-08-06,Norte,921908
2026-08-06,Centro,844852
2026-08-06,Sur,1001199
2026-08-07,Norte,759191
2026-08-07,Centro,868217
2026-08-07,Sur,835494
2026-08-08,Norte,1286059
2026-08-08,Centro,1158219
2026-08-08,Sur,1212122
2026-08-09,Norte,1251973
2026-08-09,Centro,804005
2026-08-09,Sur,1025494
2026-08-10,Norte,913911
2026-08-10,Centro,1021497
2026-08-10,Sur,968710
2026-08-11,Norte,1057291
2026-08-11,Centro,873405
2026-08-11,Sur,912081
2026-08-12,Norte,840024
2026-08-12,Centro,847719
2026-08-12,Sur,800347
2026-08-13,Norte,834806
2026-08-13,Centro,877143
2026-08-13,Sur,821813
2026-08-14,Norte,903188
2026-08-14,Centro,681763
2026-08-14,Sur,951352
2026-08-15,Norte,1197683
2026-08-15,Centro,1239611
2026-08-15,Sur,1097694
2026-08-16,Norte,1090717
2026-08-16,Centro,1323248
2026-08-16,Sur,1145897
2026-08-17,Norte,1138385
2026-08-17,Centro,731265
2026-08-17,Sur,870316
2026-08-18,Norte,764715
2026-08-18,Centro,805590
2026-08-18,Sur,805201
2026-08-19,Norte,842312
2026-08-19,Centro,993941
2026-08-19,Sur,762732
2026-08-20,Norte,973201
2026-08-20,Centro,727093
2026-08-20,Sur,851336
2026-08-21,Norte,1058377
2026-08-21,Centro,955445
2026-08-21,Sur,932673
2026-08-22,Norte,1268296
2026-08-22,Centro,1259852
2026-08-22,Sur,1267968
2026-08-23,Norte,1388971
2026-08-23,Centro,1008001
2026-08-23,Sur,1158964
2026-08-24,Norte,976472
2026-08-24,Centro,989957
2026-08-24,Sur,966966
2026-08-25,Norte,1056784
2026-08-25,Centro,839880
2026-08-25,Sur,738033
2026-08-26,Norte,1052686
2026-08-26,Centro,899903
2026-08-26,Sur,834157
2026-08-27,Norte,904291
2026-08-27,Centro,848126
2026-08-27,Sur,1020744
2026-08-28,Norte,1006819
2026-08-28,Centro,937407
2026-08-28,Sur,964904
2026-08-29,Norte,1175086
2026-08-29,Centro,1330135
2026-08-29,Sur,801322
2026-08-30,Norte,987761
2026-08-30,Centro,1163770
2026-08-30,Sur,1105497
2026-08-31,Norte,785938
2026-08-31,Centro,974396
2026-08-31,Sur,782593
2026-09-01,Norte,1018691
2026-09-01,Centro,1006406
2026-09-01,Sur,997615
2026-09-02,Norte,880547
2026-09-02,Centro,964502
2026-09-02,Sur,1151955
2026-09-03,Norte,1061745
2026-09-03,Centro,1117094
2026-09-03,Sur,979429
2026-09-04,Norte,765298
2026-09-04,Centro,928426
2026-09-04,Sur,970110
2026-09-05,Norte,1510338
2026-09-05,Centro,1481929
2026-09-05,Sur,1359903
2026-09-06,Norte,1140019
2026-09-06,Centro,1309041
2026-09-06,Sur,1242086
2026-09-07,Norte,957856
2026-09-07,Centro,827175
2026-09-07,Sur,1051235
2026-09-08,Norte,986060
2026-09-08,Centro,1096178
2026-09-08,Sur,797065
2026-09-09,Norte,841238
2026-09-09,Centro,1471307
2026-09-09,Sur,873833
2026-09-10,Norte,1027960
2026-09-10,Centro,1047783
2026-09-10,Sur,860351
2026-09-11,Norte,1218044
2026-09-11,Centro,981338
2026-09-11,Sur,1009731
2026-09-12,Norte,1599035
2026-09-12,Centro,1151260
2026-09-12,Sur,1203320
2026-09-13,Norte,1227710
2026-09-13,Centro,1051453
2026-09-13,Sur,1334334
2026-09-14,Norte,1052443
2026-09-14,Centro,1014198
2026-09-14,Sur,1076569
2026-09-15,Norte,1104266
2026-09-15,Centro,1034708
2026-09-15,Sur,958129
2026-09-16,Norte,1151094
2026-09-16,Centro,898040
2026-09-16,Sur,1174319
2026-09-17,Norte,964529
2026-09-17,Centro,1090953
2026-09-17,Sur,1231104
2026-09-18,Norte,691046
2026-09-18,Centro,964621
2026-09-18,Sur,936678
2026-09-19,Norte,1579987
2026-09-19,Centro,1217189
2026-09-19,Sur,1755299
2026-09-20,Norte,1024811
2026-09-20,Centro,1346975
2026-09-20,Sur,1220710
2026-09-21,Norte,1056671
2026-09-21,Centro,915401
2026-09-21,Sur,930463
2026-09-22,Norte,749386
2026-09-22,Centro,1004278
2026-09-22,Sur,792274
2026-09-23,Norte,817123
2026-09-23,Centro,1001466
2026-09-23,Sur,973981
2026-09-24,Norte,1125575
2026-09-24,Centro,811386
2026-09-24,Sur,1045573
2026-09-25,Norte,1032570
2026-09-25,Centro,950087
2026-09-25,Sur,883920
2026-09-26,Norte,1273427
2026-09-26,Centro,1438691
2026-09-26,Sur,1222863
2026-09-27,Norte,1432395
2026-09-27,Centro,1240014
2026-09-27,Sur,1582974
2026-09-28,Norte,993538
2026-09-28,Centro,966828
2026-09-28,Sur,777370
2026-09-29,Norte,801615
2026-09-29,Centro,1040330
2026-09-29,Sur,959976
2026-09-30,Norte,1027128
2026-09-30,Centro,899627
2026-09-30,Sur,970142
2026-10-01,Norte,825156
2026-10-01,Centro,935423
2026-10-01,Sur,873820
2026-10-02,Norte,1123758
2026-10-02,Centro,817430
2026-10-02,Sur,1034257
2026-10-03,Norte,1005499
2026-10-03,Centro,1097408
2026-10-03,Sur,1038719
2026-10-04,Norte,1366503
2026-10-04,Centro,1238170
2026-10-04,Sur,1191399
2026-10-05,Norte,928134
2026-10-05,Centro,769875
2026-10-05,Sur,1068349
2026-10-06,Norte,1066743
2026-10-06,Centro,895884
2026-10-06,Sur,901591
2026-10-07,Norte,977896
2026-10-07,Centro,878969
2026-10-07,Sur,875978
2026-10-08,Norte,840863
2026-10-08,Centro,858493
2026-10-08,Sur,842872
2026-10-09,Norte,987582
2026-10-09,Centro,860604
2026-10-09,Sur,848596
2026-10-10,Norte,1072215
2026-10-10,Centro,936078
2026-10-10,Sur,1413388
2026-10-11,Norte,1249340
2026-10-11,Centro,1305174
2026-10-11,Sur,1087335
2026-10-12,Norte,1074864
2026-10-12,Centro,917424
2026-10-12,Sur,1074316
2026-10-13,Norte,898395
2026-10-13,Centro,894640
2026-10-13,Sur,836645
2026-10-14,Norte,909298
2026-10-14,Centro,926998
2026-10-14,Sur,1079123
2026-10-15,Norte,1084765
2026-10-15,Centro,910793
2026-10-15,Sur,1046284
2026-10-16,Norte,573881
2026-10-16,Centro,843564
2026-10-16,Sur,929965
2026-10-17,Norte,1308390
2026-10-17,Centro,1236003
2026-10-17,Sur,1161255
2026-10-18,Norte,1098006
2026-10-18,Centro,1045236
2026-10-18,Sur,1466705
2026-10-19,Norte,1034667
2026-10-19,Centro,1056933
2026-10-19,Sur,901272
2026-10-20,Norte,835863
2026-10-20,Centro,966563
2026-10-20,Sur,897045
2026-10-21,Norte,884630
2026-10-21,Centro,897017
2026-10-21,Sur,824045
2026-10-22,Norte,795430
2026-10-22,Centro,870911
2026-10-22,Sur,733749
2026-10-23,Norte,971789
2026-10-23,Centro,1000626
2026-10-23,Sur,807655
2026-10-24,Norte,884920
2026-10-24,Centro,1231398
2026-10-24,Sur,1207195
2026-10-25,Norte,1173199
2026-10-25,Centro,961829
2026-10-25,Sur,870832
2026-10-26,Norte,1105387
2026-10-26,Centro,874031
2026-10-26,Sur,960527
2026-10-27,Norte,891510
2026-10-27,Centro,949624
2026-10-27,Sur,746608
2026-10-28,Norte,846514
2026-10-28,Centro,737356
2026-10-28,Sur,769541
2026-10-29,Norte,814917
2026-10-29,Centro,683214
2026-10-29,Sur,844656
2026-10-30,Norte,814693
2026-10-30,Centro,757654
2026-10-30,Sur,884059
2026-10-31,Norte,1168230
2026-10-31,Centro,1039432
2026-10-31,Sur,1483867
2026-11-01,Norte,1474346
2026-11-01,Centro,1546725
2026-11-01,Sur,1286588
2026-11-02,Norte,1158316
2026-11-02,Centro,1140649
2026-11-02,Sur,894446
2026-11-03,Norte,940855
2026-11-03,Centro,1437300
2026-11-03,Sur,978251
2026-11-04,Norte,1102186
2026-11-04,Centro,1005384
2026-11-04,Sur,1149732
2026-11-05,Norte,897747
2026-11-05,Centro,896269
2026-11-05,Sur,1191539
2026-11-06,Norte,1062397
2026-11-06,Centro,693088
2026-11-06,Sur,1038231
2026-11-07,Norte,1312854
2026-11-07,Centro,1472993
2026-11-07,Sur,1403097
2026-11-08,Norte,1406890
2026-11-08,Centro,1361191
2026-11-08,Sur,1397610
2026-11-09,Norte,875937
2026-11-09,Centro,922543
2026-11-09,Sur,917381
2026-11-10,Norte,849919
2026-11-10,Centro,1143779
2026-11-10,Sur,1183706
2026-11-11,Norte,1119731
2026-11-11,Centro,952029
2026-11-11,Sur,960876
2026-11-12,Norte,974297
2026-11-12,Centro,1188579
2026-11-12,Sur,1107674
2026-11-13,Norte,1274969
2026-11-13,Centro,901198
2026-11-13,Sur,1003862
2026-11-14,Norte,1119334
2026-11-14,Centro,1091246
2026-11-14,Sur,1317646
2026-11-15,Norte,1285274
2026-11-15,Centro,1253500
2026-11-15,Sur,1070170
2026-11-16,Norte,1062154
2026-11-16,Centro,995825
2026-11-16,Sur,1161251
2026-11-17,Norte,1110969
2026-11-17,Centro,853979
2026-11-17,Sur,1089605
2026-11-18,Norte,952356
2026-11-18,Centro,1246485
2026-11-18,Sur,1030916
2026-11-19,Norte,965515
2026-11-19,Centro,978897
2026-11-19,Sur,827876
2026-11-20,Norte,1210875
2026-11-20,Centro,1327470
2026-11-20,Sur,796288
2026-11-21,Norte,1300328
2026-11-21,Centro,1325693
2026-11-21,Sur,1238886
2026-11-22,Norte,1563926
2026-11-22,Centro,1569290
2026-11-22,Sur,1301485
2026-11-23,Norte,1320836
2026-11-23,Centro,1039522
2026-11-23,Sur,1001617
2026-11-24,Norte,1073612
2026-11-24,Centro,932047
2026-11-24,Sur,1235532
2026-11-25,Norte,1120095
2026-11-25,Centro,986017
2026-11-25,Sur,1009398
2026-11-26,Norte,909727
2026-11-26,Centro,1071226
2026-11-26,Sur,856477
2026-11-27,Norte,1035437
2026-11-27,Centro,963625
2026-11-27,Sur,1113253
2026-11-28,Norte,1532536
2026-11-28,Centro,1486676
2026-11-28,Sur,1323510
2026-11-29,Norte,1218193
2026-11-29,Centro,1291740
2026-11-29,Sur,1342516
2026-11-30,Norte,1102332
2026-11-30,Centro,956591
2026-11-30,Sur,901515
2026-12-01,Norte,1289135
2026-12-01,Centro,1488278
2026-12-01,Sur,1574550
2026-12-02,Norte,1393257
2026-12-02,Centro,1093635
2026-12-02,Sur,1496643
2026-12-03,Norte,1117929
2026-12-03,Centro,1130543
2026-12-03,Sur,1331838
2026-12-04,Norte,1028105
2026-12-04,Centro,1394682
2026-12-04,Sur,1250990
2026-12-05,Norte,1725168
2026-12-05,Centro,1458163
2026-12-05,Sur,1822859
2026-12-06,Norte,1750066
2026-12-06,Centro,1558649
2026-12-06,Sur,1844449
2026-12-07,Norte,813071
2026-12-07,Centro,1320868
2026-12-07,Sur,1241933
2026-12-08,Norte,1126440
2026-12-08,Centro,1289771
2026-12-08,Sur,1343966
2026-12-09,Norte,1136190
2026-12-09,Centro,1239919
2026-12-09,Sur,1253041
2026-12-10,Norte,1326005
2026-12-10,Centro,1466098
2026-12-10,Sur,1182056
2026-12-11,Norte,1481242
2026-12-11,Centro,1040890
2026-12-11,Sur,1310530
2026-12-12,Norte,1262437
2026-12-12,Centro,1653676
2026-12-12,Sur,1795740
2026-12-13,Norte,2079816
2026-12-13,Centro,1648779
2026-12-13,Sur,1474568
2026-12-14,Norte,1432451
2026-12-14,Centro,1266914
2026-12-14,Sur,1276520
2026-12-15,Norte,1414058
2026-12-15,Centro,1443582
2026-12-15,Sur,969002
2026-12-16,Norte,1268660
2026-12-16,Centro,1257245
2026-12-16,Sur,1080312
2026-12-17,Norte,987184
2026-12-17,Centro,1248769
2026-12-17,Sur,1182092
2026-12-18,Norte,1138250
2026-12-18,Centro,1236922
2026-12-18,Sur,1201027
2026-12-19,Norte,1641842
2026-12-19,Centro,1982371
2026-12-19,Sur,1631419
2026-12-20,Norte,2048672
2026-12-20,Centro,1909711
2026-12-20,Sur,1849320
2026-12-21,Norte,1137611
2026-12-21,Centro,1210702
2026-12-21,Sur,1105486
2026-12-22,Norte,1329866
2026-12-22,Centro,1248733
2026-12-22,Sur,1334205
2026-12-23,Norte,1310824
2026-12-23,Centro,1288198
2026-12-23,Sur,1200039
2026-12-24,Norte,1096537
2026-12-24,Centro,1185796
2026-12-24,Sur,1380391
2026-12-25,Norte,1232467
2026-12-25,Centro,1249915
2026-12-25,Sur,1405792
2026-12-26,Norte,1744486
2026-12-26,Centro,1315901
2026-12-26,Sur,1620437
2026-12-27,Norte,1447709
2026-12-27,Centro,1626166
2026-12-27,Sur,1723235
2026-12-28,Norte,1345581
2026-12-28,Centro,1539515
2026-12-28,Sur,1175862
2026-12-29,Norte,1210449
2026-12-29,Centro,1356436
2026-12-29,Sur,1421613
2026-12-30,Norte,1086720
2026-12-30,Centro,1375368
2026-12-30,Sur,1371800
2026-12-31,Norte,1234740
2026-12-31,Centro,1212774
2026-12-31,Sur,1383084
